<!DOCTYPE struts PUBLIC
        "-//Apache Software Foundation//DTD Struts Configuration 2.0//EN"
        "http://struts.apache.org/dtds/struts-2.0.dtd">
<struts>
    <include file="struts-default.xml"/>
    
    
    <package name="action" extends="struts-default">
        <action name="LoginAction" class="action.LoginAction">
            <result name="success">start.jsp</result>
            <result name="input">/login.jsp</result>
        </action>
        <action name="RegAction" class="action.RegAction">
        	<result name="input">register.jsp</result>
            <result name="success">login.jsp</result>
        </action>
        <action name="LogoutAction" class="action.LogoutAction">
        	<result name="success">start.jsp</result>
        </action>
        <action name="AddFriends" class="action.AddFriends">
        	<result name="input">/homepage.jsp</result>
        	<result >start.jsp</result>
        </action>
        <action name="QueryFriends" class="action.QueryFriends">
        	<result name="input">/homepage.jsp</result>
        	<result name="success">/friends.jsp</result>
        </action>
        <action name="DeleteFriend" class="action.DeleteFriend">
        	<result name="success">/homepage.jsp</result>
        </action>
        <action name="FriendDetails" class="action.FriendDetails">
        	<result name="success">/friend_details.jsp</result>
        </action>
        <action name="QueryTravelPlan" class="action.QueryTravelPlan">
        	<result name="input">/homepage.jsp</result>
        	<result name="success">/travelplan.jsp</result>
        </action>
    </package>
    
	<include file="action/personal/personal.xml"/>
</struts>